{
	"format_version": "1.8.0",
	"animations": {
		"animation.chain_sword.3rd_idle": {
			"loop": "hold_on_last_frame",
			"override_previous_animation": true,
			"bones": {
				"leftArm": {
					"rotation": [-62.18132, 57.6063, -30.58984],
					"position": [-0.34959, -1.29091, -1.79202]
				},
				"rightArm": {
					"rotation": [-41.02666, -31.57496, -28.12742],
					"position": [-0.09258, -0.60909, -0.44843]
				},
				"chain_sword": {
					"rotation": [0, 0, 25],
					"position": [0, -0.7, 1],
					"scale": 0.8
				}
			}
		},
		"animation.chain_sword.3rd_slash": {
			"loop": "hold_on_last_frame",
			"animation_length": 0.7917,
			"override_previous_animation": true,
			"bones": {
				"leftArm": {
					"rotation": {
						"0.0": [-62.18132, 57.6063, -30.58984],
						"0.375": [-119.9718, 33.43449, -55.20573],
						"0.5": [-54.81395, 73.47111, -11.71887],
						"0.7917": [-62.18132, 57.6063, -30.58984]
					},
					"position": {
						"0.0": [-0.34959, -1.29091, -1.79202],
						"0.375": [-1.10776, -2.66639, -2.82204],
						"0.5": [0.63588, -1.92117, -2.58676],
						"0.7917": [-0.34959, -1.29091, -1.79202]
					}
				},
				"rightArm": {
					"rotation": {
						"0.0": [-41.02666, -31.57496, -28.12742],
						"0.375": [-95.48232, -2.4407, -45.35518],
						"0.5": [-6.22682, -26.30935, 3.93239],
						"0.7917": [-41.02666, -31.57496, -28.12742]
					},
					"position": {
						"0.0": [-0.09258, -0.60909, -0.44843],
						"0.375": [-0.09258, -0.60909, -0.44843],
						"0.5": [-0.09258, -0.60909, -0.44843],
						"0.7917": [-0.09258, -0.60909, -0.44843]
					}
				},
				"chain_sword": {
					"rotation": {
						"0.0": [0, 0, 25],
						"0.375": [0, 0, 25],
						"0.5": [24.26782, 4.2453, 5.4377],
						"0.7917": [0, 0, 25]
					},
					"position": {
						"0.0": [0, -0.7, 1],
						"0.375": [0, -0.7, 1],
						"0.5": [0, -0.7, 1],
						"0.7917": [0, -0.7, 1]
					},
					"scale": {
						"0.0": [0.8, 0.8, 0.8],
						"0.375": [0.8, 0.8, 0.8],
						"0.5": [0.8, 0.8, 0.8],
						"0.7917": [0.8, 0.8, 0.8]
					}
				}
			}
		},
		"animation.chain_sword.3rd_rev": {
			"loop": true,
			"animation_length": 0.1667,
			"override_previous_animation": true,
			"bones": {
				"leftArm": {
					"rotation": [-51.30155, 68.40712, -25.91226],
					"position": [-0.34959, -1.29091, -1.79202]
				},
				"rightArm": {
					"rotation": [-32.47934, -30.82908, -25.26881],
					"position": [-0.09258, -0.60909, -0.44843]
				},
				"chain_sword": {
					"rotation": {
						"0.0": [25.9692, 6.889, 33.81263],
						"0.0833": [26.58528, 3.56477, 40.56476],
						"0.1667": [25.9692, 6.889, 33.81263]
					},
					"position": [0.86152, -1.18271, 0.84262],
					"scale": 0.8
				},
				"teeth": {
					"position": {
						"0.0": [0, 0, 0],
						"0.1667": [0, 0, 3]
					}
				}
			}
		},
		"animation.chain_sword.3rd_rev_slash": {
			"loop": "hold_on_last_frame",
			"animation_length": 1,
			"override_previous_animation": true,
			"bones": {
				"leftArm": {
					"rotation": {
						"0.0": [-51.30155, 68.40712, -25.91226],
						"0.25": [-122.88451, 39.83875, -60.07728],
						"0.3333": [-54.81395, 73.47111, -11.71887],
						"0.5833": [-54.81395, 73.47111, -11.71887],
						"1.0": [-51.30155, 68.40712, -25.91226]
					},
					"position": {
						"0.0": [-0.34959, -1.29091, -1.79202],
						"0.25": [-1.10776, -2.66639, -2.82204],
						"0.3333": [0.63588, -1.92117, -2.58676],
						"0.5833": [0.63588, -1.92117, -2.58676],
						"1.0": [-0.34959, -1.29091, -1.79202]
					}
				},
				"rightArm": {
					"rotation": {
						"0.0": [-32.47934, -30.82908, -25.26881],
						"0.25": [-95.48232, -2.4407, -45.35518],
						"0.3333": [-6.22682, -26.30935, 3.93239],
						"0.5833": [-6.22682, -26.30935, 3.93239],
						"1.0": [-32.47934, -30.82908, -25.26881]
					},
					"position": {
						"0.0": [-0.09258, -0.60909, -0.44843],
						"0.25": [-0.09258, -0.60909, -0.44843],
						"0.3333": [-0.09258, -0.60909, -0.44843],
						"0.5833": [-0.09258, -0.60909, -0.44843],
						"1.0": [-0.09258, -0.60909, -0.44843]
					}
				},
				"chain_sword": {
					"rotation": {
						"0.0": [25.9692, 6.889, 33.81263],
						"0.25": [0, 0, 25],
						"0.3333": [24.26782, 4.2453, 5.4377],
						"0.5833": [24.26782, 4.2453, 5.4377],
						"1.0": [25.9692, 6.889, 33.81263]
					},
					"position": {
						"0.0": [0.86152, -1.18271, 0.84262],
						"0.25": [0, -0.7, 1],
						"0.3333": [0, -0.7, 1],
						"0.5833": [0, -0.7, 1],
						"1.0": [0.86152, -1.18271, 0.84262]
					},
					"scale": {
						"0.0": [0.8, 0.8, 0.8],
						"0.25": [0.8, 0.8, 0.8],
						"0.3333": [0.8, 0.8, 0.8],
						"0.5833": [0.8, 0.8, 0.8],
						"1.0": [0.8, 0.8, 0.8]
					}
				}
			}
		},
		"animation.chain_sword.3rd_equip": {
			"loop": "hold_on_last_frame",
			"animation_length": 0.5833,
			"override_previous_animation": true,
			"bones": {
				"leftArm": {
					"rotation": {
						"0.0": [0, 0, 0],
						"0.4167": [-62.18132, 57.6063, -30.58984]
					},
					"position": {
						"0.0": [0, 0, 0],
						"0.4167": [-0.34959, -1.29091, -1.79202]
					}
				},
				"chain_sword": {
					"rotation": {
						"0.0": [0, 0, 0],
						"0.4167": [0, 0, 25]
					},
					"position": {
						"0.0": [0, 0, 0],
						"0.4167": [0, -0.7, 1]
					},
					"scale": {
						"0.0": [0.8, 0.8, 0.8],
						"0.4167": [0.8, 0.8, 0.8]
					}
				},
				"rightArm": {
					"rotation": {
						"0.0": [0, 0, 0],
						"0.4167": [-41.02666, -31.57496, -28.12742]
					},
					"position": {
						"0.0": [0, 0, 0],
						"0.4167": [-0.09258, -0.60909, -0.44843]
					}
				},
				"slider": {
					"scale": {
						"0.0": [1, 1, 55],
						"0.4167": [1, 1, 49],
						"0.5833": [1, 1, 1]
					}
				}
			}
		},
		"animation.chain_sword.3rd_slash2": {
			"loop": "hold_on_last_frame",
			"animation_length": 0.7917,
			"override_previous_animation": true,
			"bones": {
				"leftArm": {
					"rotation": {
						"0.0": [-62.18132, 57.6063, -30.58984],
						"0.375": [-119.9718, 33.43449, -55.20573],
						"0.5": [-54.81395, 73.47111, -11.71887],
						"0.7917": [-62.18132, 57.6063, -30.58984]
					},
					"position": {
						"0.0": [-0.34959, -1.29091, -1.79202],
						"0.375": [-1.10776, -2.66639, -2.82204],
						"0.5": [0.63588, -1.92117, -2.58676],
						"0.7917": [-0.34959, -1.29091, -1.79202]
					}
				},
				"rightArm": {
					"rotation": {
						"0.0": [-41.02666, -31.57496, -28.12742],
						"0.375": [-95.48232, -2.4407, -45.35518],
						"0.5": [-6.22682, -26.30935, 3.93239],
						"0.7917": [-41.02666, -31.57496, -28.12742]
					},
					"position": {
						"0.0": [-0.09258, -0.60909, -0.44843],
						"0.375": [-0.09258, -0.60909, -0.44843],
						"0.5": [-0.09258, -0.60909, -0.44843],
						"0.7917": [-0.09258, -0.60909, -0.44843]
					}
				},
				"chain_sword": {
					"rotation": {
						"0.0": [0, 0, 25],
						"0.375": [0, 0, 25],
						"0.5": [24.26782, 4.2453, 5.4377],
						"0.7917": [0, 0, 25]
					},
					"position": {
						"0.0": [0, -0.7, 1],
						"0.375": [0, -0.7, 1],
						"0.5": [0, -0.7, 1],
						"0.7917": [0, -0.7, 1]
					},
					"scale": {
						"0.0": [0.8, 0.8, 0.8],
						"0.375": [0.8, 0.8, 0.8],
						"0.5": [0.8, 0.8, 0.8],
						"0.7917": [0.8, 0.8, 0.8]
					}
				}
			}
		}
	}
}