{
	"format_version": "1.8.0",
	"animations": {
		"animation.scout_drone_launcher.3rd_idle": {
			"loop": true,
			"animation_length": 0.1667,
			"override_previous_animation": true,
			"bones": {
				"all": {
					"rotation": [0, 30, -35]
				},
				"rightArm": {
					"rotation": [-57.75057, -14.98328, -16.98216]
				},
				"leftArm": {
					"rotation": [-38.49161, 29.4987, 5.72511]
				}
			}
		},
		"animation.scout_drone_launcher.3rd_shoot": {
			"loop": "hold_on_last_frame",
			"animation_length": 0.1667,
			"override_previous_animation": true,
			"bones": {
				"rightArm": {
					"rotation": {
						"0.0": [-57.75057, -14.98328, -16.98216],
						"0.0833": [-75.25057, -14.98328, -16.98216],
						"0.1667": [-57.75057, -14.98328, -16.98216]
					},
					"position": {
						"0.0": [0, 0, 0],
						"0.0833": [-0.53291, 0.28979, 1.58809],
						"0.1667": [0, 0, 0]
					}
				},
				"leftArm": {
					"rotation": {
						"0.0": [-38.49161, 29.4987, 5.72511],
						"0.0833": [-60.99161, 29.4987, 5.72511],
						"0.1667": [-38.49161, 29.4987, 5.72511]
					}
				},
				"all": {
					"rotation": {
						"0.0": [0, 30, -35],
						"0.0833": [-21.32685, 29.11762, -37.6892],
						"0.1667": [0, 30, -35]
					}
				},
				"arrow_drill": {
					"position": {
						"0.0": [0, 0, 0],
						"0.0833": [0, 0, -25]
					},
					"scale": {
						"0.0": [1, 1, 1],
						"0.0833": {
							"pre": [1, 1, 1],
							"post": [0, 0, 0]
						},
						"0.1667": [0, 0, 0]
					}
				}
			}
		},
		"animation.scout_drone_launcher.3rd_equip": {
			"loop": "hold_on_last_frame",
			"animation_length": 0.25,
			"override_previous_animation": true,
			"bones": {
				"rightArm": {
					"rotation": {
						"0.0": [0, 0, 0],
						"0.25": [-57.75057, -14.98328, -16.98216]
					}
				},
				"leftArm": {
					"rotation": {
						"0.0": [0, 0, 0],
						"0.25": [-38.49161, 29.4987, 5.72511]
					}
				},
				"all": {
					"rotation": {
						"0.0": [0, 0, 0],
						"0.25": [0, 30, -35]
					}
				}
			}
		},
		"animation.scout_drone_launcher.3rd_run": {
			"loop": true,
			"animation_length": 0.8333,
			"override_previous_animation": true,
			"bones": {
				"rightArm": {
					"rotation": {
						"0.0": [-38.94623, -2.1937, -9.03796],
						"0.4167": [-53.19546, 9.4925, 3.98794],
						"0.8333": [-38.94623, -2.1937, -9.03796]
					},
					"position": {
						"0.0": [-0.29187, -0.4714, 1.25626],
						"0.4167": [-0.29187, -0.4714, 1.25626],
						"0.8333": [-0.29187, -0.4714, 1.25626]
					}
				},
				"leftArm": {
					"rotation": {
						"0.0": [-15.99161, 29.4987, 5.72511],
						"0.4167": [-22.80954, 36.4597, 2.39219],
						"0.8333": [-15.99161, 29.4987, 5.72511]
					}
				},
				"all": {
					"rotation": {
						"0.0": [0, 42.5, -35],
						"0.4167": [0, 42.5, -35],
						"0.8333": [0, 42.5, -35]
					}
				}
			}
		},
		"animation.scout_drone_launcher.3rd_reload": {
			"loop": "hold_on_last_frame",
			"animation_length": 0.6667,
			"override_previous_animation": true,
			"bones": {
				"rightArm": {
					"rotation": {
						"0.0": [-57.75057, -14.98328, -16.98216],
						"0.1667": [-58.07985, -12.86502, -15.6141],
						"0.25": [-56.79449, -19.71566, -20.17005],
						"0.4167": [-53.471, -29.98924, -28.03588],
						"0.5": [-57.75057, -14.98328, -16.98216],
						"0.6667": [-57.75057, -14.98328, -16.98216]
					},
					"position": {
						"0.0": [0, 0, 0],
						"0.1667": [1.44449, -1.2152, -2.32433],
						"0.4167": [-0.39496, -0.17533, -0.18979],
						"0.5": [0, 0, 0],
						"0.6667": [0, 0, 0]
					}
				},
				"leftArm": {
					"rotation": {
						"0.0": [-38.49161, 29.4987, 5.72511],
						"0.25": [-45.30481, 31.30815, 11.62243],
						"0.5": [-38.49161, 29.4987, 5.72511],
						"0.6667": [-38.49161, 29.4987, 5.72511]
					}
				},
				"all": {
					"rotation": {
						"0.0": [0, 30, -35],
						"0.25": [8.37657, 28.34564, -38.03948],
						"0.5": [0, 30, -35],
						"0.6667": [0, 30, -35]
					},
					"position": {
						"0.0": [0, 0, 0],
						"0.25": [-1.66429, -2.16033, -0.739],
						"0.5": [0, 0, 0],
						"0.6667": [0, 0, 0]
					}
				},
				"arrow_drill": {
					"position": {
						"0.25": [0, 0, -10],
						"0.4167": [0, 0, 0]
					},
					"scale": {
						"0.0": [0, 0, 0],
						"0.25": {"pre": [0, 0, 0], "post": [1, 1, 1]},
						"0.4167": [1, 1, 1]
					}
				},
				"arrow_reload_drill": {
					"rotation": {
						"0.0": [0, 0, 0],
						"0.25": [12.42215, 1.40398, 16.15281]
					},
					"position": {
						"0.0": [0, 0, 0],
						"0.25": [2.10375, 4.71169, -0.11924]
					},
					"scale": {
						"0.0": [1, 1, 1],
						"0.25": {"pre": [1, 1, 1], "post": [0, 0, 0]},
						"0.4167": [0, 0, 0]
					}
				}
			}
		}
	}
}