{
	"format_version": "1.8.0",
	"animations": {
		"animation.scout_drone_launcher.3rd_idle": {
			"loop": true,
			"override_previous_animation": true,
			"bones": {
				"rightArm": {
					"rotation": [-43.95207, -9.83058, -11.39984],
					"position": [0.22528, -0.90568, -0.90499]
				}
			}
		},
		"animation.scout_drone_launcher.3rd_shoot": {
			"loop": "hold_on_last_frame",
			"animation_length": 0.8333,
			"override_previous_animation": true,
			"bones": {
				"rightArm": {
					"rotation": {
						"0.0": [-43.95207, -9.83058, -11.39984],
						"0.1667": [-86.45207, -9.83058, -11.39984],
						"0.75": [-86.45207, -9.83058, -11.39984],
						"0.8333": [-43.95207, -9.83058, -11.39984]
					},
					"position": {
						"0.0": [0.22528, -0.90568, -0.90499],
						"0.1667": [0.6996, -1.70596, -2.67546],
						"0.75": [0.6996, -1.70596, -2.67546],
						"0.8333": [0.22528, -0.90568, -0.90499]
					}
				},
				"all": {
					"scale": {
						"0.0": [1, 1, 1],
						"0.1667": {
							"pre": [1, 1, 1],
							"post": [0, 0, 0]
						},
						"0.8333": [0, 0, 0]
					}
				},
				"arrow_drill": {
					"position": {
						"0.0": [0, 0, 0],
						"0.0833": [0, 0, -25]
					},
					"scale": {
						"0.0": [1, 1, 1],
						"0.0833": {
							"pre": [1, 1, 1],
							"post": [0, 0, 0]
						},
						"0.1667": [0, 0, 0]
					}
				}
			}
		},
		"animation.scout_drone_launcher.3rd_equip": {
			"loop": "hold_on_last_frame",
			"animation_length": 0.5833,
			"override_previous_animation": true,
			"bones": {
				"rightArm": {
					"rotation": {
						"0.0": [0, 0, 0],
						"0.5833": [-43.95207, -9.83058, -11.39984]
					},
					"position": {
						"0.0": [0, 0, 0],
						"0.5833": [0.22528, -0.90568, -0.90499]
					}
				}
			}
		}
	}
}