{
	"format_version": "1.8.0",
	"animations": {
		"animation.sraw.3rd_equip": {
			"loop": "hold_on_last_frame",
			"animation_length": 0.5833,
			"override_previous_animation": true,
			"bones": {
				"leftArm": {
					"rotation": {
						"0.0": [45, 0, 0],
						"0.5833": [0, 0, 0]
					},
					"position": {
						"0.0": [-0.2706, -0.78633, -0.5554],
						"0.5833": [0, 0, 0]
					}
				},
				"rightArm": {
					"rotation": {
						"0.0": [38.81893, 13.80192, 10.86531],
						"0.5833": [0, 0, 0]
					},
					"position": {
						"0.0": [0, -0.79335, -0.60876],
						"0.5833": [0, 0, 0]
					}
				}
			}
		},
		"animation.sraw.3rd_run": {
			"loop": true,
			"animation_length": 0.5,
			"override_previous_animation": true,
			"bones": {
				"leftArm": {
					"rotation": {
						"0.0": [28.33048, 18.69101, 7.34056],
						"0.25": [40.83048, 18.69101, 7.34056],
						"0.5": [28.33048, 18.69101, 7.34056]
					},
					"position": {
						"0.0": [0, 0, 0],
						"0.25": [-0.19134, -0.91891, -0.34495],
						"0.5": [0, 0, 0]
					}
				},
				"rightArm": {
					"rotation": {
						"0.0": [25.92236, 32.36121, 3.17805],
						"0.25": [38.39772, 29.31745, 25.05357],
						"0.5": [25.92236, 32.36121, 3.17805]
					},
					"position": {
						"0.0": [0, 0, 0],
						"0.25": [-0.05636, -0.83877, -0.54156],
						"0.5": [0, 0, 0]
					}
				}
			}
		},
		"animation.sraw.3rd_aim": {
			"loop": true,
			"bones": {
				"rightArm": {
					"rotation": [-0.00954, -4.99523, 0.21865],
					"position": [-2.42032, 2.92118, -7.80528]
				},
				"leftArm": {
					"rotation": [-15, 0, 0],
					"position": [-0.83833, 0.18028, -2.06511]
				}
			}
		}
	}
}