{
	"format_version": "1.8.0",
	"animations": {
		"animation.sraw.1st_idle": {
			"loop": true,
			"override_previous_animation": true,
			"bones": {
				"rightArm": {
					"rotation": [107.53742, 4.92385, -179.12962],
					"position": [12, 0, 2]
				},
				"leftArm": {
					"rotation": [125.40137, 0.33207, -169.20468],
					"position": [-8.77371, 1.13633, 2.3698]
				}
			}
		},
		"animation.sraw.1st_equip": {
			"loop": "hold_on_last_frame",
			"animation_length": 0.5833,
			"override_previous_animation": true,
			"bones": {
				"leftArm": {
					"rotation": {
						"0.0": [162.9122, -0.90268, -171.37855],
						"0.5833": [125.40137, 0.33207, -169.20468]
					},
					"position": {
						"0.0": [-8.97961, -0.29206, 3.03978],
						"0.5833": [-8.77371, 1.13633, 2.3698]
					}
				},
				"rightArm": {
					"rotation": {
						"0.0": [142.53742, 4.92385, -179.12962],
						"0.5833": [107.53742, 4.92385, -179.12962]
					},
					"position": {
						"0.0": [12, 0, 2],
						"0.5833": [12, 0, 2]
					}
				}
			}
		},
		"animation.sraw.1st_run": {
			"loop": true,
			"animation_length": 0.5,
			"override_previous_animation": true,
			"bones": {
				"rightArm": {
					"rotation": {
						"0.0": [127.52557, 23.70421, -174.80172],
						"0.25": [136.51481, 27.63099, -171.36639],
						"0.5": [127.52557, 23.70421, -174.80172]
					},
					"position": {
						"0.0": [12, 0, 2],
						"0.25": [12, 0, 2],
						"0.5": [12, 0, 2]
					}
				},
				"sraw": {
					"rotation": [0, 0, 0],
					"position": [0, 1, 0]
				},
				"leftArm": {
					"rotation": {
						"0.0": [147.90137, 0.33207, -169.20468],
						"0.25": [147.11818, 12.218, -173.83722],
						"0.5": [147.90137, 0.33207, -169.20468]
					},
					"position": {
						"0.0": [-8.51304, 0.36197, -2.2018],
						"0.25": [-9.21935, 0.1106, -2.86357],
						"0.5": [-8.51304, 0.36197, -2.2018]
					}
				}
			}
		},
		"animation.sraw.1st_aim": {
			"loop": "hold_on_last_frame",
			"override_previous_animation": true,
			"bones": {
				"rightArm": {
					"rotation": [107.53742, 4.92385, -179.12962],
					"position": [13, 2.5, -7.5],
					"scale": 0
				},
				"leftArm": {
					"rotation": [120.60877, -5.77636, -173.56335],
					"position": [-8.77371, 1.13633, -7.6302],
					"scale": 1
				},
				"sraw": {
					"rotation": [-15, 0, 0],
					"scale": 1
				}
			}
		},
		"animation.sraw.1st_inspect": {
			"loop": true,
			"animation_length": 6,
			"override_previous_animation": true,
			"bones": {
				"leftArm": {
					"rotation": {
						"0.0": [125.40137, 0.33207, -169.20468],
						"0.625": [133.35069, 8.4675, -163.36743],
						"1.75": [133.35069, 8.4675, -163.36743],
						"2.5": [69.56883, 15.94213, -219.84413],
						"3.5833": [69.56883, 15.94213, -219.84413],
						"3.8333": [47.58067, 9.30961, -224.69463],
						"4.1667": [29.34313, -48.83088, -189.95586],
						"4.375": [44.34313, -48.83088, -189.95586],
						"4.5417": [29.34313, -48.83088, -189.95586],
						"4.75": [41.84313, -48.83088, -189.95586],
						"4.9583": [29.34313, -48.83088, -189.95586],
						"5.2083": [29.34313, -48.83088, -189.95586],
						"5.5833": [76.349, 1.12896, -187.06699],
						"6.0": [125.40137, 0.33207, -169.20468]
					},
					"position": {
						"0.0": [-8.77371, 1.13633, 2.3698],
						"0.625": [-8.12512, 2.34845, -0.47413],
						"1.75": [-8.12512, 2.34845, -0.47413],
						"2.5": [-4.89254, -13.76529, 5.62242],
						"3.5833": [-4.89254, -13.76529, 5.62242],
						"3.8333": [-8.29, -11.07, 7.99],
						"4.1667": [-12.81632, -7.4715, 11.14416],
						"4.375": [-12.81632, -7.4715, 11.14416],
						"4.5417": [-12.81632, -7.4715, 11.14416],
						"4.75": [-12.81632, -7.4715, 11.14416],
						"4.9583": [-12.81632, -7.4715, 11.14416],
						"5.2083": [-12.81632, -7.4715, 11.14416],
						"5.5833": [-10.9, -3.39, 6.51],
						"5.75": [-10.04976, -3.56916, 4.24201],
						"6.0": [-8.77371, 1.13633, 2.3698]
					}
				},
				"rightArm": {
					"rotation": {
						"0.0": [107.53742, 4.92385, -179.12962],
						"0.625": [124.11454, 45.47893, -149.68508],
						"1.75": [121.93126, 46.84176, -152.71147],
						"2.5": [60.41692, 24.71758, -231.34756],
						"3.5833": [61.45118, 25.93232, -228.93009],
						"4.1667": [67.0302, -11.32499, -238.00571],
						"5.2083": [67.51234, -12.29105, -240.3614],
						"6.0": [107.53742, 4.92385, -179.12962]
					},
					"position": {
						"0.0": [12, 0, 2],
						"0.625": [12.9976, -2.90152, 8.51699],
						"1.75": [13.30154, -3.05832, 8.88172],
						"2.5": [13.56497, -2.19212, 8.93513],
						"3.5833": [13.56497, -2.19212, 8.93513],
						"4.1667": [13.56497, -2.19212, 7.93513],
						"5.2083": [13.56497, -2.19212, 8.93513],
						"6.0": [12, 0, 2]
					}
				}
			}
		}
	}
}