{
	"format_version": "1.8.0",
	"animations": {
		"animation.sraw.1st_idle": {
			"loop": true,
			"override_previous_animation": true,
			"bones": {
				"rightArm": {
					"rotation": [107.53742, 4.92385, -179.12962],
					"position": [12, 0, 2]
				},
				"leftArm": {
					"rotation": [125.40137, 0.33207, -169.20468],
					"position": [-8.77371, 1.13633, 2.3698]
				}
			}
		},
		"animation.sraw.1st_equip": {
			"loop": "hold_on_last_frame",
			"animation_length": 0.5833,
			"override_previous_animation": true,
			"bones": {
				"leftArm": {
					"rotation": {
						"0.0": [162.9122, -0.90268, -171.37855],
						"0.5833": [125.40137, 0.33207, -169.20468]
					},
					"position": {
						"0.0": [-8.97961, -0.29206, 3.03978],
						"0.5833": [-8.77371, 1.13633, 2.3698]
					}
				},
				"rightArm": {
					"rotation": {
						"0.0": [142.53742, 4.92385, -179.12962],
						"0.5833": [107.53742, 4.92385, -179.12962]
					},
					"position": {
						"0.0": [12, 0, 2],
						"0.5833": [12, 0, 2]
					}
				}
			}
		},
		"animation.sraw.1st_run": {
			"loop": true,
			"animation_length": 0.5,
			"override_previous_animation": true,
			"bones": {
				"rightArm": {
					"rotation": {
						"0.0": [127.52557, 23.70421, -174.80172],
						"0.25": [136.51481, 27.63099, -171.36639],
						"0.5": [127.52557, 23.70421, -174.80172]
					},
					"position": {
						"0.0": [12, 0, 2],
						"0.25": [12, 0, 2],
						"0.5": [12, 0, 2]
					}
				},
				"sraw": {
					"rotation": [0, 0, 0],
					"position": [0, 1, 0]
				},
				"leftArm": {
					"rotation": {
						"0.0": [147.90137, 0.33207, -169.20468],
						"0.25": [147.11818, 12.218, -173.83722],
						"0.5": [147.90137, 0.33207, -169.20468]
					},
					"position": {
						"0.0": [-8.51304, 0.36197, -2.2018],
						"0.25": [-9.21935, 0.1106, -2.86357],
						"0.5": [-8.51304, 0.36197, -2.2018]
					}
				}
			}
		},
		"animation.sraw.1st_aim": {
			"loop": "hold_on_last_frame",
			"override_previous_animation": true,
			"bones": {
				"rightArm": {
					"rotation": [107.53742, 4.92385, -179.12962],
					"position": [13, 2.5, -7.5],
					"scale": 0
				},
				"leftArm": {
					"rotation": [120.60877, -5.77636, -173.56335],
					"position": [-8.77371, 1.13633, -7.6302],
					"scale": 1
				},
				"sraw": {
					"rotation": [-15, 0, 0],
					"scale": 1
				}
			}
		}
	}
}